name,date,status,image
Soyuz 2.1b/Fregat-M | 16 x Rassvet-3,2026-03-23T17:24:00Z,Launch Successful,https://thespacedevs-prod.nyc3.digitaloceanspaces.com/media/images/soyuz_2.1b_image_20230802085331.jpg
Falcon 9 Block 5 | Starlink Group 17-17,2026-03-24T23:03:00Z,Go for Launch,https://thespacedevs-prod.nyc3.digitaloceanspaces.com/media/images/falcon2520925_image_20221009234147.png
Electron | Daughter Of The Stars (LEO-PNT Pathfinder A),2026-03-25T09:14:00Z,Go for Launch,https://thespacedevs-prod.nyc3.digitaloceanspaces.com/media/images/electron_image_20190705175640.jpeg
Spectrum | Onward and Upward,2026-03-25T20:00:00Z,To Be Confirmed,https://thespacedevs-prod.nyc3.digitaloceanspaces.com/media/images/spectrum_on_the_image_20250321072643.jpeg
Long March 2C | Unknown Payload,2026-03-25T22:50:00Z,Go for Launch,https://thespacedevs-prod.nyc3.digitaloceanspaces.com/media/images/long_march_2_image_20230803100234.jpeg
Kuaizhou 1A | Unknown Payload,2026-03-27T04:10:00Z,Go for Launch,https://thespacedevs-prod.nyc3.digitaloceanspaces.com/media/images/kuaizhou_1a_lau_image_20251206092920.jpeg
Falcon 9 Block 5 | Starlink Group 10-44,2026-03-27T11:00:00Z,Go for Launch,https://thespacedevs-prod.nyc3.digitaloceanspaces.com/media/images/falcon2520925_image_20221009234147.png
Soyuz-5 | Demo Flight,2026-03-27T11:00:00Z,To Be Confirmed,https://thespacedevs-prod.nyc3.digitaloceanspaces.com/media/images/soyuz-5_launch__image_20250905122547.jpg
Atlas V 551 | Amazon Leo (LA-05),2026-03-29T07:53:00Z,Go for Launch,https://thespacedevs-prod.nyc3.digitaloceanspaces.com/media/images/atlas2520v2520551_image_20190224012316.jpeg
Falcon 9 Block 5 | Transporter 16 (Dedicated SSO Rideshare),2026-03-29T10:10:00Z,To Be Confirmed,https://thespacedevs-prod.nyc3.digitaloceanspaces.com/media/images/falcon_9_image_20230807133459.jpeg
Long March 2C | Unknown Payload,2026-03-31T00:00:00Z,To Be Determined,https://thespacedevs-prod.nyc3.digitaloceanspaces.com/media/images/long_march_2_image_20230803100234.jpeg
Long March 7A | Unknown Payload,2026-03-31T00:00:00Z,To Be Determined,https://thespacedevs-prod.nyc3.digitaloceanspaces.com/media/images/cz-7a_launch_2_image_20251206093324.jpeg
New Glenn | BlueBird Block 2 #2,2026-03-31T00:00:00Z,To Be Determined,https://thespacedevs-prod.nyc3.digitaloceanspaces.com/media/images/new_glenn_on_th_image_20251113164507.jpg
Zhuque-2E | Unknown Payload,2026-03-31T00:00:00Z,To Be Determined,https://thespacedevs-prod.nyc3.digitaloceanspaces.com/media/images/zhunque_2e_on_t_image_20241216101643.jpg
Gaganyaan Abort Test Booster | TV-D2,2026-03-31T00:00:00Z,To Be Determined,https://thespacedevs-prod.nyc3.digitaloceanspaces.com/media/images/gaganyaan_abort_image_20231021132156.jpeg
Kinetica 2 | Qingzhou Spacecraft Demo Flight,2026-03-31T00:00:00Z,To Be Determined,https://thespacedevs-prod.nyc3.digitaloceanspaces.com/media/images/kinetica_2_grou_image_20260116124018.jpg
Long March 12B | Demo Flight,2026-03-31T00:00:00Z,To Be Determined,https://thespacedevs-prod.nyc3.digitaloceanspaces.com/media/images/long_march_12b__image_20260116122300.jpg
Tianlong-3 | Demo Flight,2026-03-31T00:00:00Z,To Be Determined,
SLS Block 1 | Artemis II,2026-04-01T22:24:00Z,Go for Launch,https://thespacedevs-prod.nyc3.digitaloceanspaces.com/media/images/space_launch_sy_image_20220331082429.jpeg
Falcon 9 Block 5 | Starlink Group 17-35,2026-04-01T23:03:00Z,Go for Launch,https://thespacedevs-prod.nyc3.digitaloceanspaces.com/media/images/falcon2520925_image_20221009234147.png
Falcon 9 Block 5 | Starlink Group 10-58,2026-04-02T15:45:00Z,Go for Launch,https://thespacedevs-prod.nyc3.digitaloceanspaces.com/media/images/falcon2520925_image_20221009234147.png
Minotaur IV | STP-S29A,2026-04-07T00:00:00Z,To Be Determined,https://thespacedevs-prod.nyc3.digitaloceanspaces.com/media/images/minotaur_iv_lau_image_20240307170209.jpeg
Falcon 9 Block 5 | Cygnus CRS-2 NG-24,2026-04-08T12:51:00Z,Go for Launch,https://thespacedevs-prod.nyc3.digitaloceanspaces.com/media/images/falcon_9_image_20230807133459.jpeg
Vega-C | Solar wind Magnetosphere Ionosphere Link Explorer (SMILE),2026-04-09T06:29:00Z,Go for Launch,https://thespacedevs-prod.nyc3.digitaloceanspaces.com/media/images/vega-c_image_20220713154437.jpg
Electron | Kakushin Rising (JAXA Rideshare),2026-04-23T00:00:00Z,To Be Determined,https://thespacedevs-prod.nyc3.digitaloceanspaces.com/media/images/electron_image_20190705175640.jpeg
Soyuz 2.1a | Progress MS-34 (95P),2026-04-25T22:21:00Z,To Be Confirmed,https://thespacedevs-prod.nyc3.digitaloceanspaces.com/media/images/soyuz_2.1a_image_20230805184309.jpg
Ariane 64 | Amazon Leo (LE-02),2026-04-30T00:00:00Z,To Be Determined,https://thespacedevs-prod.nyc3.digitaloceanspaces.com/media/images/ariane_64_lifto_image_20260213070745.jpg
Atlas V 551 | Amazon Leo (LA-06),2026-04-30T00:00:00Z,To Be Determined,https://thespacedevs-prod.nyc3.digitaloceanspaces.com/media/images/atlas2520v2520551_image_20190224012316.jpeg
Falcon 9 Block 5 | GPS III SV10,2026-04-30T00:00:00Z,To Be Determined,https://thespacedevs-prod.nyc3.digitaloceanspaces.com/media/images/falcon_9_image_20230807133459.jpeg
Falcon Heavy | ViaSat-3 F3 (ViaSat-3 Asia-Pacific),2026-04-30T00:00:00Z,To Be Determined,https://thespacedevs-prod.nyc3.digitaloceanspaces.com/media/images/falcon_heavy_image_20220129192819.jpeg
Starship | Flight 12,2026-04-30T00:00:00Z,To Be Determined,https://thespacedevs-prod.nyc3.digitaloceanspaces.com/media/images/starship_on_the_image_20250111100520.jpg
Vikram-I | Demo Flight,2026-04-30T00:00:00Z,To Be Determined,https://thespacedevs-prod.nyc3.digitaloceanspaces.com/media/images/vikram-i_artist_image_20251115043247.jpg
Falcon 9 Block 5 | Dragon CRS-2 SpX-34,2026-05-31T00:00:00Z,To Be Determined,https://thespacedevs-prod.nyc3.digitaloceanspaces.com/media/images/falcon2520925_image_20210520085648.jpeg
Ariane 64 Block 2 | Amazon Leo (LE-03),2026-05-31T00:00:00Z,To Be Determined,https://thespacedevs-prod.nyc3.digitaloceanspaces.com/media/images/ariane_64_lifto_image_20260213070745.jpg
Pegasus XL | Swift Rescue Mission,2026-06-01T00:00:00Z,To Be Determined,https://thespacedevs-prod.nyc3.digitaloceanspaces.com/media/images/pegasus_xl_moun_image_20240307124328.jpeg
Soyuz 2.1a | Progress MS-35 (96P),2026-06-17T01:40:00Z,To Be Confirmed,https://thespacedevs-prod.nyc3.digitaloceanspaces.com/media/images/soyuz_2.1a_image_20230805184309.jpg
Electron | LOXSAT 1,2026-06-25T00:00:00Z,To Be Determined,https://thespacedevs-prod.nyc3.digitaloceanspaces.com/media/images/electron_image_20190705175640.jpeg
Ariane 64 | MTG-I2,2026-06-30T00:00:00Z,To Be Determined,https://thespacedevs-prod.nyc3.digitaloceanspaces.com/media/images/ariane_64_lifto_image_20260213070745.jpg
Falcon 9 Block 5 | Transporter 17 (Dedicated SSO Rideshare),2026-06-30T00:00:00Z,To Be Determined,https://thespacedevs-prod.nyc3.digitaloceanspaces.com/media/images/falcon_9_image_20230807133459.jpeg
Falcon 9 Block 5 | MRV-1,2026-06-30T00:00:00Z,To Be Determined,https://thespacedevs-prod.nyc3.digitaloceanspaces.com/media/images/falcon_9_image_20230807133459.jpeg
Falcon 9 Block 5 | SDA Tranche 1 Tracking Layer A,2026-06-30T00:00:00Z,To Be Determined,https://thespacedevs-prod.nyc3.digitaloceanspaces.com/media/images/falcon_9_image_20230807133459.jpeg
Falcon 9 Block 5 | SDA Tranche 1 Tracking Layer C,2026-06-30T00:00:00Z,To Be Determined,https://thespacedevs-prod.nyc3.digitaloceanspaces.com/media/images/falcon_9_image_20230807133459.jpeg
Falcon 9 Block 5 | SDA Tranche 1 Tracking Layer E,2026-06-30T00:00:00Z,To Be Determined,https://thespacedevs-prod.nyc3.digitaloceanspaces.com/media/images/falcon_9_image_20230807133459.jpeg
Falcon 9 Block 5 | SDA Tranche 1 Transport Layer A,2026-06-30T00:00:00Z,To Be Determined,https://thespacedevs-prod.nyc3.digitaloceanspaces.com/media/images/falcon_9_image_20230807133459.jpeg
Falcon 9 Block 5 | SDA Tranche 1 Transport Layer D,2026-06-30T00:00:00Z,To Be Determined,https://thespacedevs-prod.nyc3.digitaloceanspaces.com/media/images/falcon_9_image_20230807133459.jpeg
Falcon 9 Block 5 | SDA Tranche 1 Transport Layer E,2026-06-30T00:00:00Z,To Be Determined,https://thespacedevs-prod.nyc3.digitaloceanspaces.com/media/images/falcon_9_image_20230807133459.jpeg
Falcon 9 Block 5 | SDA Tranche 1 Transport Layer F,2026-06-30T00:00:00Z,To Be Determined,https://thespacedevs-prod.nyc3.digitaloceanspaces.com/media/images/falcon_9_image_20230807133459.jpeg
Firefly Alpha Block 2 | VICTUS HAZE Jackal,2026-06-30T00:00:00Z,To Be Determined,https://thespacedevs-prod.nyc3.digitaloceanspaces.com/media/images/firefly_alpha_l_image_20240605174156.jpeg
H3-30 | H3-30 Test Flight,2026-06-30T00:00:00Z,To Be Determined,https://thespacedevs-prod.nyc3.digitaloceanspaces.com/media/images/h3-30_f6_cft_image_20251028183426.jpg
Long March 10B | Demo Flight,2026-06-30T00:00:00Z,To Be Determined,
Themis Demonstrator | T1H-1,2026-06-30T00:00:00Z,To Be Determined,https://thespacedevs-prod.nyc3.digitaloceanspaces.com/media/images/themis_t1h_on_t_image_20250919095336.jpg
RFA One | Maiden Flight,2026-06-30T00:00:00Z,To Be Determined,https://thespacedevs-prod.nyc3.digitaloceanspaces.com/media/images/rfa_one_image_20230117001619.png
Electron | VICTUS HAZE Puma,2026-06-30T00:00:00Z,To Be Determined,https://thespacedevs-prod.nyc3.digitaloceanspaces.com/media/images/electron_image_20190705175640.jpeg
Falcon 9 Block 5 | 9 x Globalstar-3,2026-06-30T00:00:00Z,To Be Determined,https://thespacedevs-prod.nyc3.digitaloceanspaces.com/media/images/falcon_9_image_20230807133459.jpeg
Falcon 9 Block 5 | Rivada 10,2026-06-30T00:00:00Z,To Be Determined,https://thespacedevs-prod.nyc3.digitaloceanspaces.com/media/images/falcon_9_image_20230807133459.jpeg
Falcon 9 Block 5 | Rivada 11,2026-06-30T00:00:00Z,To Be Determined,https://thespacedevs-prod.nyc3.digitaloceanspaces.com/media/images/falcon_9_image_20230807133459.jpeg
Falcon 9 Block 5 | Rivada 12,2026-06-30T00:00:00Z,To Be Determined,https://thespacedevs-prod.nyc3.digitaloceanspaces.com/media/images/falcon_9_image_20230807133459.jpeg
Falcon 9 Block 5 | Rivada 7,2026-06-30T00:00:00Z,To Be Determined,https://thespacedevs-prod.nyc3.digitaloceanspaces.com/media/images/falcon_9_image_20230807133459.jpeg
Falcon 9 Block 5 | Rivada 8,2026-06-30T00:00:00Z,To Be Determined,https://thespacedevs-prod.nyc3.digitaloceanspaces.com/media/images/falcon_9_image_20230807133459.jpeg
Falcon 9 Block 5 | Rivada 9,2026-06-30T00:00:00Z,To Be Determined,https://thespacedevs-prod.nyc3.digitaloceanspaces.com/media/images/falcon_9_image_20230807133459.jpeg
Long March 2F/G | Shenzhou 23,2026-06-30T00:00:00Z,To Be Determined,https://thespacedevs-prod.nyc3.digitaloceanspaces.com/media/images/shenzhou_22_lau_image_20251129175823.jpg
Starship | Flight 13,2026-06-30T00:00:00Z,To Be Determined,https://thespacedevs-prod.nyc3.digitaloceanspaces.com/media/images/starship_on_the_image_20250111100520.jpg
Soyuz 2.1a | Soyuz MS-29,2026-07-14T14:43:00Z,To Be Confirmed,https://thespacedevs-prod.nyc3.digitaloceanspaces.com/media/images/soyuz_2.1a_image_20230805184309.jpg
Falcon Heavy | Griffin Mission One,2026-07-31T00:00:00Z,To Be Determined,https://thespacedevs-prod.nyc3.digitaloceanspaces.com/media/images/falcon_heavy_image_20220129192819.jpeg
H3-24 | HTV-X2,2026-07-31T00:00:00Z,To Be Determined,https://thespacedevs-prod.nyc3.digitaloceanspaces.com/media/images/h3-24_liftoff__image_20251028184029.jpeg
Electron | Aspera,2026-08-15T00:00:00Z,To Be Determined,https://thespacedevs-prod.nyc3.digitaloceanspaces.com/media/images/electron_image_20190705175640.jpeg
Falcon 9 Block 5 | Dragon CRS-2 SpX-35,2026-08-31T00:00:00Z,To Be Determined,https://thespacedevs-prod.nyc3.digitaloceanspaces.com/media/images/falcon2520925_image_20210520085648.jpeg
Falcon 9 Block 5 | SDA Tranche 2 Transport Layer A,2026-08-31T00:00:00Z,To Be Determined,https://thespacedevs-prod.nyc3.digitaloceanspaces.com/media/images/falcon_9_image_20230807133459.jpeg
Vega-C | Sentinel-3C & FLEX,2026-09-01T00:00:00Z,To Be Determined,https://thespacedevs-prod.nyc3.digitaloceanspaces.com/media/images/vega-c_image_20220713154437.jpg
Falcon Heavy | Nancy Grace Roman Space Telescope,2026-09-28T00:00:00Z,To Be Determined,https://thespacedevs-prod.nyc3.digitaloceanspaces.com/media/images/falcon_heavy_image_20220129192819.jpeg
Falcon 9 Block 5 | O3b mPower 11-13,2026-09-30T00:00:00Z,To Be Determined,https://thespacedevs-prod.nyc3.digitaloceanspaces.com/media/images/falcon_9_image_20230807133459.jpeg
Falcon 9 Block 5 | 5x Astranis MicroGEO,2026-09-30T00:00:00Z,To Be Determined,https://thespacedevs-prod.nyc3.digitaloceanspaces.com/media/images/falcon_9_on_slc_image_20241221043403.jpg
Falcon 9 Block 5 | SDA Tranche 2 Tracking Layer A,2026-09-30T00:00:00Z,To Be Determined,https://thespacedevs-prod.nyc3.digitaloceanspaces.com/media/images/falcon_9_image_20230807133459.jpeg
Falcon 9 Block 5 | SDA Tranche 2 Tracking Layer B,2026-09-30T00:00:00Z,To Be Determined,https://thespacedevs-prod.nyc3.digitaloceanspaces.com/media/images/falcon_9_image_20230807133459.jpeg
Firefly Alpha Block 2 | QuickSounder,2026-09-30T00:00:00Z,To Be Determined,https://thespacedevs-prod.nyc3.digitaloceanspaces.com/media/images/firefly_alpha_l_image_20240605174156.jpeg
HANBIT-Nano | Flight 2,2026-09-30T00:00:00Z,To Be Determined,https://thespacedevs-prod.nyc3.digitaloceanspaces.com/media/images/hanbit-nano_spa_image_20251224011159.jpg
Nuri | NeonSat-2 to 6,2026-09-30T00:00:00Z,To Be Determined,https://thespacedevs-prod.nyc3.digitaloceanspaces.com/media/images/nuri_liftoff_2_image_20240820080542.jpeg
Falcon 9 Block 5 | Transporter 18 (Dedicated SSO Rideshare),2026-10-31T00:00:00Z,To Be Determined,https://thespacedevs-prod.nyc3.digitaloceanspaces.com/media/images/falcon_9_image_20230807133459.jpeg
Firefly Alpha Block 2 | INCUS,2026-10-31T00:00:00Z,To Be Determined,https://thespacedevs-prod.nyc3.digitaloceanspaces.com/media/images/firefly_alpha_l_image_20240605174156.jpeg
H3-24 | Martian Moon eXplorer (MMX),2026-10-31T00:00:00Z,To Be Determined,https://thespacedevs-prod.nyc3.digitaloceanspaces.com/media/images/h3-24_liftoff__image_20251028184029.jpeg
Falcon 9 Block 5 | KOMPSAT-7A,2026-11-30T00:00:00Z,To Be Determined,https://thespacedevs-prod.nyc3.digitaloceanspaces.com/media/images/falcon_9_image_20230807133459.jpeg
Vega-C | KOMPSAT-6 & PLATiNO 1,2026-11-30T00:00:00Z,To Be Determined,https://thespacedevs-prod.nyc3.digitaloceanspaces.com/media/images/vega-c_image_20220713154437.jpg
Falcon 9 Block 5 | Blue Ghost Lunar Lander Mission 2,2026-12-31T00:00:00Z,To Be Determined,https://thespacedevs-prod.nyc3.digitaloceanspaces.com/media/images/falcon_9_image_20230807133459.jpeg
Falcon 9 Block 5 | SDA Tranche 2 Transport Layer D,2026-12-31T00:00:00Z,To Be Determined,https://thespacedevs-prod.nyc3.digitaloceanspaces.com/media/images/falcon_9_image_20230807133459.jpeg
Falcon 9 Block 5 | SDA Tranche 2 Transport Layer E,2026-12-31T00:00:00Z,To Be Determined,https://thespacedevs-prod.nyc3.digitaloceanspaces.com/media/images/falcon_9_image_20230807133459.jpeg
Falcon 9 Block 5 | Telesat Lightspeed 1,2026-12-31T00:00:00Z,To Be Determined,https://thespacedevs-prod.nyc3.digitaloceanspaces.com/media/images/falcon_9_image_20230807133459.jpeg
Ariane 62 | Galileo L15 (FOC FM28 & FM31),2026-12-31T00:00:00Z,To Be Determined,https://thespacedevs-prod.nyc3.digitaloceanspaces.com/media/images/ariane_62_lifto_image_20240711132056.jpeg
Ariane 62 | Metop-SG B1,2026-12-31T00:00:00Z,To Be Determined,https://thespacedevs-prod.nyc3.digitaloceanspaces.com/media/images/ariane_62_lifto_image_20240711132056.jpeg
Falcon 9 Block 5 | CHORUS,2026-12-31T00:00:00Z,To Be Determined,https://thespacedevs-prod.nyc3.digitaloceanspaces.com/media/images/falcon_9_image_20230807133459.jpeg
Falcon 9 Block 5 | Inmarsat-7 F1 (GX-7),2026-12-31T00:00:00Z,To Be Determined,https://thespacedevs-prod.nyc3.digitaloceanspaces.com/media/images/falcon_9_image_20230807133459.jpeg
Neutron | Maiden Flight,2026-12-31T00:00:00Z,To Be Determined,https://thespacedevs-prod.nyc3.digitaloceanspaces.com/media/images/neutron_image_20230727171443.jpeg
Spectrum | ΣYNDEO-3,2026-12-31T00:00:00Z,To Be Determined,https://thespacedevs-prod.nyc3.digitaloceanspaces.com/media/images/spectrum_on_the_image_20250321072643.jpeg
Vulcan VC4L | Dream Chaser CRS 2 Flight 1,2026-12-31T00:00:00Z,To Be Determined,
Ariane 64 Block 2 | Amazon Leo (LE-04),2026-12-31T00:00:00Z,To Be Determined,https://thespacedevs-prod.nyc3.digitaloceanspaces.com/media/images/ariane_64_lifto_image_20260213070745.jpg
Falcon 9 Block 5 | Nova-C IM-3,2026-12-31T00:00:00Z,To Be Determined,https://thespacedevs-prod.nyc3.digitaloceanspaces.com/media/images/falcon_9_image_20230807133459.jpeg
Long March 2F/G | Shenzhou 24,2026-12-31T00:00:00Z,To Be Determined,https://thespacedevs-prod.nyc3.digitaloceanspaces.com/media/images/shenzhou_22_lau_image_20251129175823.jpg
LVM-3 | Gaganyaan-1,2026-12-31T00:00:00Z,To Be Determined,https://thespacedevs-prod.nyc3.digitaloceanspaces.com/media/images/gslv2520mk2520iii_image_20190604000938.jpg
Antares 330 | Cygnus CRS-2 NG-25,2026-12-31T00:00:00Z,To Be Determined,
Ariane 64 | GO-1,2026-12-31T00:00:00Z,To Be Determined,https://thespacedevs-prod.nyc3.digitaloceanspaces.com/media/images/ariane_64_lifto_image_20260213070745.jpg
Astra Rocket 4 | Maiden Flight,2026-12-31T00:00:00Z,To Be Determined,https://thespacedevs-prod.nyc3.digitaloceanspaces.com/media/images/astra_rocket_4_image_20250918165934.jpg
